Income,Assets
22,10
14,12
24,10
32,12
13,10
18,13
93,8
52,12
27,10
42,8
67,9
60,6
21,20
91,10
68,8
37,5
18,8
34,6
70,9
32,13
63,7
39,14
22,5
56,6
136,161
104,98
32,8
45,13
43,13
43,13
8,5
55,16
61,41
55,16
61,41
48,21
42,4
55,38
13,6
94,8
45,7
68,8
22,11
76,26
16,18
16,18
88,10
69,6
101,9
47,8
19,6
68,76
76,127
24,5
76,99
62,59
68,59
24,5
47,5
33,4
53,97
31,5
61,7
72,5
40,9
33,4
53,63
27,5
54,51
63,6
41,9
40,8
53,57
53,57
49,57
47,52
60,55
55,46
16,5
48,83
72,9
70,39
36,48
3862,8031
35,54
69,189
169,9
144,5
59,5
30,5
66,36
65,38
65,38
121,122
124,152
121,122
69,54
55,78
62,51
51,66
48,23
51,66
73,53
26,52
70,58
152,53
122,53
76,76
66,60
88,85
79,83
40,11
276,11
101,8
52,3
155,4
98,8
61,28
61,58
38,46
61,93
55,52
95,4
38,4
39,4
66,31
33,32
47,68
85,49
124,117
124,97
44,59
65,70
79,58
68,74
66,50
47,58
48,48
63,61
110,45
15,45
85,12
79,18
24,3
24,3
20,3
83,7
12,3
65,48
87,64
82,57
63,51
63,31
73,38
82,45
26,27
86,71
55,41
138,5
68,6
62,6
48,4
70,7
48,4
60,27
66,31
41,55
75,85
52,37
68,43
44,43
41,40
75,74
1,1
79,28
72,7
38,9
61,14
64,3
42,10
35,10
89,42
72,31
24,7
57,24
53,35
49,29
201,3
87,4
52,8
107,10
50,23
43,26
48,20
101,39
39,19
63,28
75,14
70,6
18,5
26,3
62,21
104,24
104,24
104,24
47,41
48,21
63,7
59,3
75,14
74,6
83,4
98,4
31,2
64,21
60,25
35,26
42,36
50,30
31,23
34,31
129,7
42,3
101,12
40,4
107,6
32,3
70,21
64,24
29,25
34,30
47,20
90,13
63,9
96,5
78,12
33,6
109,4
54,3
128,7
76,20
4,8
99,2
168,7
86,5
111,52
46,20
105,4
66,2
170,20
46,20
58,11
118,8
58,15
21,18
43,2
86,5
82,8
51,5
64,4
62,2
94,7
110,14
44,14
28,10
55,4
80,23
53,6
107,11
34,1
46,5
101,14
5,7
17,1
39,17
54,7
4,3
107,9
21,11
19,11
28,4
6,2
51,50
75,73
69,70
74,57
78,18
58,29
77,17
67,16
97,106
80,123
116,41
92,83
86,89
73,107
65,35
77,108
83,95
64,38
61,51
73,65
53,23
61,33
53,27
99,49
78,8
76,12
94,26
81,16
79,19
169,34
79,10
69,33
55,20
71,12
71,8
67,5
62,12
54,15
81,9
76,23
68,17
80,7
77,18
75,14
62,7
78,21
51,13
65,5
63,18
61,15
40,13
98,32
71,18
75,20
92,1
90,2
67,20
96,3
39,16
45,9
97,3
38,13
65,10
69,10
42,12
40,14
56,10
68,10
37,12
54,8
30,9
69,6
32,9
48,12
36,5
60,6
157,4
52,6
60,9
47,8
172,5
93,7
68,8
42,6
19,17
9,6
13,6
122,8
118,8
51,6
53,5
51,3
65,94
79,104
35,63
78,79
79,73
70,68
81,70
82,64
81,70
43,13
74,63
75,56
82,39
77,43
67,11
47,32
66,28
65,12
94,13
49,20
68,13
91,2
76,2
38,2
78,12
70,7
78,10
102,6
86,40
81,9
69,12
35,1
74,63
62,9
72,3
69,11
54,55
38,35
78,53
82,17
61,31
84,12
98,16
58,36
101,8
74,16
52,50
55,49
56,55
64,30
60,68
62,27
98,14
71,24
72,9
62,55
78,3
63,63
72,14
80,21
73,1
77,8
63,62
74,8
77,15
73,4
60,54
76,3
81,5
65,10
58,38
93,5
96,1
70,2
89,6
49,27
76,17
90,2
83,5
85,3
83,6
52,42
79,11
90,2
86,8
79,10
64,49
84,6
76,11
49,37
33,20
83,7
76,14
47,18
71,9
62,2
45,26
74,8
68,4
73,8
37,7
60,23
78,9
102,1
43,6
75,8
75,2
56,22
50,25
71,11
65,2
54,10
76,9
59,3
52,10
69,7
72,2
52,11
74,8
79,2
71,84
72,91
69,78
66,69
63,75
65,73
65,64
68,90
64,89
62,84
62,78
60,75
59,70
60,72
60,62
59,60
61,60
59,65
62,61
59,58
73,57
77,78
72,65
88,6
75,11
86,8
86,6
90,8
68,3
63,5
48,3
60,11
54,4
35,5
54,74
25,35
49,77
80,141
78,142
75,114
71,107
69,94
68,86
90,41
42,41
65,80
56,61
66,78
28,34
79,90
63,81
61,71
56,73
39,5
53,70
57,67
62,73
62,72
70,46
71,61
74,54
73,43
66,33
66,35
65,32
64,40
62,60
65,161
53,80
18,38
15,27
19,18
48,27
69,61
51,72
77,62
38,12
56,34
15,4
77,47
67,8
77,34
55,8
44,32
3,1
70,20
66,10
43,16
35,2
24,2
67,14
78,18
64,10
77,11
46,13
62,8
35,4
62,9
41,1
64,13
30,7
74,21
60,13
73,20
72,23
34,2
66,13
73,2
16,2
63,10
52,4
80,18
54,12
58,10
49,1
65,10
63,9
59,8
51,7
31,1
60,8
66,6
40,2
60,5
84,4
65,5
76,13
64,6
44,3
64,4
67,6
52,1
65,5
76,6
65,7
44,1
68,6
65,7
68,4
67,6
64,5
35,99
36,133
33,110
23,70
685,42
784,11
107,12
60,19
51,8
176,6
56,4
56,3
78,1
10,4
61,53
27,22
4,9
109,39
40,79
34,43
75,53
36,30
73,33
68,30
29,14
66,38
51,39
59,32
39,6
68,30
17,4
86,39
73,22
47,6
69,20
56,7
59,17
71,8
55,17
63,5
51,15
109,7
40,14
59,5
41,13
74,6
62,18
47,5
64,15
55,6
62,4
59,14
56,50
68,48
94,53
43,49
88,32
42,32
68,21
87,32
81,40
72,37
79,20
26,20
108,29
36,18
93,25
36,15
66,24
27,14
53,8
41,16
47,20
31,7
38,18
32,3
89,54
83,54
9,3
36,7
47,17
66,7
66,17
67,6
71,17
73,6
87,19
54,4
76,15
72,6
80,15
68,6
64,13
73,5
88,14
74,16
59,13
49,9
65,11
12,6
7,3
57,102
39,75
6,9
29,23
21,58
50,169
24,82
42,84
43,86
43,86
42,84
111,289
68,203
61,150
54,122
46,90
7,8
81,16
77,19
85,209
76,216
74,221
198,336
48,128
92,143
78,122
79,99
59,97
62,67
51,61
52,58
54,54
82,20
107,12
73,7
189,9
117,13
103,13
13,9
104,40
105,15
110,22
66,20
110,15
70,6
66,23
64,22
98,11
122,12
48,11
79,14
58,21
62,14
81,1
93,45
67,27
79,7
68,5
69,22
66,29
83,31
85,1
58,17
69,10
80,4
82,14
57,10
58,5
77,12
92,9
62,6
84,9
81,6
59,10
85,9
92,14
80,9
71,10
79,15
87,13
76,4
70,11
56,4
50,6
78,3
78,6
84,15
91,5
79,8
96,14
91,4
81,6
82,9
82,2
85,7
86,7
83,29
59,3
105,3
47,8
90,3
63,6
63,5
89,5
75,3
93,2
50,14
91,5
90,50
68,43
71,21
84,76
74,72
71,31
64,41
64,42
61,36
86,28
64,29
59,34
77,11
58,29
74,35
64,41
85,24
71,14
77,14
89,24
81,15
77,16
87,9
77,15
75,11
77,15
76,22
77,17
152,11
67,20
66,16
83,12
66,20
64,18
86,14
62,15
120,15
64,22
67,19
64,16
83,10
64,17
82,16
63,15
77,10
63,15
62,13
86,15
63,15
88,10
45,8
80,9
58,12
83,10
58,12
83,10
56,10
79,9
57,10
80,7
58,7
93,10
57,7
87,9
56,7
88,7
89,10
55,6
89,9
57,7
90,10
55,5
88,8
92,4
55,6
57,10
88,9
92,10
88,8
49,39
45,17
40,6
44,8
85,11
63,36
62,104
72,62
63,71
78,65
36,57
66,94
79,73
40,48
66,56
77,271
79,58
18,13
13,5
100,219
73,50
77,49
53,18
3,10
58,30
60,37
84,80
38,48
70,150
66,40
65,27
45,51
87,311
70,30
64,22
73,18
72,234
72,235
65,201
66,191
26,62
23,58
67,33
23,55
69,135
32,66
97,129
74,152
65,116
71,33
62,12
70,36
71,38
51,98
31,31
73,9
40,70
62,24
76,68
43,77
79,25
76,72
73,88
74,63
53,91
64,4
74,28
64,77
79,12
67,154
61,108
78,11
67,39
82,41
70,2
69,18
73,57
77,8
108,57
72,8
93,51
87,4
83,4
43,16
10,1
18,4
26,25
77,5
83,5
69,2
78,10
76,24
15,7
62,24
58,40
76,14
39,31
90,6
325,18
51,1
32,31
61,21
79,9
68,3
77,11
82,36
56,8
69,22
55,3
52,39
78,26
56,2
67,16
78,8
78,30
76,20
52,2
77,16
55,3
50,20
40,32
11,1
75,7
79,6
73,8
64,6
76,16
31,20
76,23
75,18
74,9
51,4
70,15
76,3
77,11
78,10
45,2
79,11
82,4
51,7
69,11
74,12
76,21
64,3
108,9
45,2
80,2
79,3
57,8
69,15
81,3
52,3
76,5
67,5
47,1
79,5
79,7
75,2
93,5
79,5
49,5
77,4
85,11
81,6
80,11
78,9
63,4
48,4
62,12
97,2
80,1
33,6
54,2
103,2
59,15
114,4
48,5
88,1
79,2
66,3
49,5
47,6
34,3
65,8
64,2
38,8
73,17
45,5
45,3
84,8
109,16
60,1
85,1
66,6
71,2
78,4
61,4
79,13
51,4
104,1
78,5
71,4
51,3
84,2
66,3
57,7
122,5
80,4
76,4
77,9
25,4
80,1
78,7
72,1
13,2
84,6
96,11
65,3
75,5
62,7
64,9
74,4
60,1
65,5
39,5
44,6
78,3
88,4
49,8
64,6
6,4
59,3
118,12
74,2
62,3
85,8
73,6
52,4
64,5
78,70
86,80
90,31
68,23
50,31
79,20
25,13
67,17
78,22
72,16
85,12
100,16
86,11
81,13
72,8
67,8
70,7
70,6
48,6
44,4
56,5
53,5
49,4
42,3
41,3
39,3
47,117
46,110
26,70
7,20
15,14
32,46
27,42
48,4
4,4
40,5
27,2
22,2
36,2
58,1
87,1
74,14
71,4
83,1
76,2
15,3
6,1
15,4
13,1
60,5
11,1
93,10
29,2
52,3
85,2
43,3
14,1
47,3
46,7
14,3
46,7
31,8
66,11
14,2
79,5
62,6
95,5
36,2
54,1
68,10
9,2
37,4
51,2
30,1
69,8
73,6
67,6
32,1
81,3
46,4
47,3
39,2
34,1
42,3
19,2
33,1
66,9
103,8
34,3
51,3
73,4
48,1
59,1
17,2
56,1
73,6
64,3
33,1
56,1
33,2
43,1
45,2
43,1
111,3
98,6
105,3
93,3
79,4
74,1
75,1
75,1
83,1
75,1
67,3
90,2
73,1
34,3
39,1
39,1
75,3
41,2
44,13
71,10
70,5
40,6
48,5
47,5
70,4
42,4
43,3
63,2
64,2
51,2
74,3
51,2
71,1
42,2
9,11
8,8
5,5
66,3
48,148
34,55
40,50
23,40
45,56
35,44
29,39
81,12
78,7
70,9
51,8
73,10
62,6
87,12
87,7
96,7
86,12
53,7
32,7
21,1
136,2
181,1
1601,5
77,2
70,2
68,1
63,2
69,1
77,5
74,3
84,3
104,3
96,3
58,30
56,35
53,20
49,26
45,29
42,17
69,75
103,50
85,47
63,33
65,27
62,25
58,23
56,22
54,20
88,1
55,19
56,21
50,20
69,8
71,24
76,48
83,53
82,48
74,31
74,62
92,40
85,32
40,9
79,31
85,7
75,91
97,54
80,31
97,85
94,30
89,72
72,49
90,24
79,50
92,24
81,50
90,22
67,52
80,42
76,21
88,44
89,21
65,8
95,29
66,44
75,28
37,9
85,18
92,20
42,8
43,7
63,4
88,29
89,22
96,2
112,1
80,1
72,2
76,4
74,1
78,2
56,6
83,29
107,14
42,4
31,4
76,7
67,12
79,16
77,1
22,6
67,8
35,1
48,2
71,3
42,3
23,6
50,19
32,1
14,6
82,7
160,1
67,9
75,1
18,1
15,1
83,9
51,5
70,4
70,4
75,1
60,4
20,1
21,1
123,3
54,2
30,3
34,2
35,3
61,2
60,3
45,3
66,13
23,1
23,1
38,3
43,2
44,4
72,4
47,2
113,6
29,2
45,1
50,2
87,4
100,1
36,3
27,4
31,1
50,1
45,1
37,3
86,2
54,9
74,8
66,2
45,3
78,1
48,5
92,14
53,1
35,2
43,3
53,1
46,2
34,1
59,1
52,1
48,3
60,2
48,1
58,4
34,1
69,3
60,3
65,1
182,98
22,1
39,2
59,3
61,4
40,2
67,3
18,1
72,4
37,5
46,1
37,2
64,1
29,1
25,1
63,2
21,1
30,4
19,1
68,2
54,3
38,2
78,2
77,3
77,3
49,1
38,2
92,10
51,3
51,2
32,2
59,5
40,34
89,25
80,28
15,4
8,2
25,2
75,9
80,6
64,5
77,3
55,3
11,1
40,1
45,8
29,9
90,3
70,1
88,2
84,2
15,1
74,1
81,1
67,1
82,1
78,1
34,4
22,25
11,12
49,10
41,3
73,14
66,7
72,13
75,4
43,3
52,4
86,7
26,7
47,7
57,4
65,2
38,7
84,2
50,5
55,5
51,2
41,3
100,18
74,20
74,20
74,20
44,25
85,82
31,20
45,20
22,10
18,8
19,15
44,13
26,13
46,68
72,182
72,182
72,182
72,182
72,182
109,281
87,209
88,212
65,162
65,102
51,130
41,102
43,103
42,102
43,103
43,103
44,101
39,101
51,122
44,105
47,102
23,36
31,80
39,99
36,91
6,13
61,143
56,101
58,143
62,154
38,91
51,125
61,151
40,99
47,99
30,48
1,452
150,175
108,38
103,70
90,2
88,40
88,34
93,41
33,26
70,73
75,66
77,27
63,27
13,3
73,17
73,12
73,55
69,10
63,28
73,13
104,16
118,9
82,4
91,4
82,1
79,1
32,10
76,10
46,18
21,18
13,14
114,13
29,15
91,10
46,11
11,11
29,9
25,7
265,100
146,99
59,13
4,1
5,1
17,5
57,15
78,6
59,5
85,8
65,11
59,6
101,8
103,13
33,7
84,30
64,14
29,5
60,5
73,5
75,6
100,9
53,3
81,13
45,8
34,6
103,6
64,10
61,7
83,12
50,10
43,2
203,10
103,5
29,2
159,5
89,6
42,4
70,1
86,8
56,7
94,7
55,5
71,2
33,5
115,6
28,3
18,2
33,8
83,10
84,6
75,2
52,3
62,2
68,3
72,4
218,4
85,3
85,3
82,3
109,3
67,1
93,6
43,1
81,1
76,1
56,4
96,2
69,3
78,2
57,2
57,1
57,4
75,2
59,2
59,2
71,2
50,4
222,15
75,4
73,4
90,3
57,6
71,3
84,2
65,5
89,18
63,1
63,4
67,2
55,2
43,2
73,2
25,2
86,6
58,2
92,3
88,4
54,3
68,1
26,3
59,4
66,1
65,1
64,2
86,4
83,2
65,1
68,1
52,3
184,1
31,1
56,3
106,2
80,2
48,5
83,3
57,1
66,1
55,1
56,2
56,2
30,2
50,2
82,9
46,1
54,2
77,3
95,5
72,1
61,2
46,4
38,3
55,1
54,1
75,1
66,1
34,1
34,1
78,4
86,4
37,2
59,1
47,1
81,4
85,9
49,3
81,3
78,2
15,1
48,2
49,1
38,1
88,5
17,1
58,5
94,3
35,6
79,4
67,4
53,4
54,4
57,3
57,3
29,3
41,4
65,4
69,3
70,3
36,7
38,4
62,5
21,2
36,2
52,8
24,2
39,2
23,8
34,2
33,6
25,2
25,2
113,6
82,12
89,3
73,6
88,8
66,4
82,7
71,5
98,8
86,5
65,4
118,3
47,2
65,3
109,1
71,1
67,2
130,1
63,4
49,3
59,6
109,1
49,4
50,7
37,2
47,5
36,2
126,1
53,3
105,1
47,5
49,3
52,4
44,4
36,2
17,2
31,12
31,3
29,1
25,2
41,8
41,1
7,1
30,21
30,16
21,16
26,12
68,4
84,8
36,23
44,11
32,8
86,14
136,8
107,15
97,4
62,5
82,3
70,3
66,3
66,5
71,1
77,13
75,3
79,9
74,7
74,10
62,9
92,18
70,1
89,10
71,2
74,3
79,10
67,2
69,3
81,10
70,3
67,10
66,3
78,16
79,13
60,2
76,9
64,3
83,3
61,6
65,2
58,4
44,3
64,1
83,2
71,10
68,4
36,2
69,1
58,4
28,3
70,2
40,2
70,2
66,1
76,6
74,6
73,4
71,2
70,5
70,1
71,2
57,2
72,1
107,2
88,5
47,4
91,4
86,2
79,3
90,2
92,7
92,7
90,4
80,27
70,20
72,24
40,33
70,18
67,32
44,9
73,16
76,26
73,22
84,40
30,15
39,21
37,18
30,16
40,9
64,54
57,17
58,1
45,1
32,8
82,15
12,10
133,81
137,19
196,56
48,6
67,18
72,60
115,8
81,10
178,46
31,6
50,18
45,37
25,3
81,67
52,22
52,20
21,9
179,62
120,68
48,17
25,22
88,56
47,19
31,28
131,42
56,10
21,14
55,8
46,12
56,5
154,59
35,13
93,19
100,21
77,52
72,17
84,22
81,58
82,15
67,14
72,60
49,24
114,13
47,19
299,45
48,10
84,50
83,25
106,27
79,60
41,55
49,20
62,14
77,17
116,60
89,67
24,6
24,6
79,34
63,20
12,7
12,2
54,15
114,60
23,10
121,44
82,45
301,10
82,22
56,46
69,24
66,21
81,41
70,24
38,20
81,25
79,23
77,16
75,15
73,39
42,195
17,75
6,22
20,29
13,29
16,1
34,1
3,3
16,12
27,24
27,12
8,4
14,6
37,13
34,20
20,10
33,7
31,7
75,40
66,26
75,40
47,32
142,47
58,14
37,21
43,27
37,28
101,52
13,31
97,52
8,6
50,44
72,47
60,52
74,57
58,30
63,48
54,25
86,40
113,41
75,40
70,29
42,43
67,42
69,42
123,33
69,45
78,35
56,43
37,30
146,40
93,40
57,21
134,19
72,24
9,194
77,178
99,25
81,42
64,174
101,8
58,13
80,100
111,65
58,166
44,116
80,205
118,26
31,70
67,191
71,204
94,3
47,3
26,8
50,9
62,3
24,2
26,2
17,1
17,1
77,10
92,10
65,6
68,8
90,9
88,10
76,7
74,9
93,8
76,11
94,13
20,2
73,6
90,7
78,8
86,4
72,7
75,10
28,3
82,8
79,8
74,12
82,3
63,1
58,4
22,1
82,2
81,4
59,3
72,7
85,7
45,2
73,11
47,3
71,8
78,4
44,7
46,1
97,14
81,12
86,8
64,6
61,2
79,8
68,8
41,2
86,12
85,19
84,8
78,10
95,10
88,12
106,13
64,6
50,3
75,1
55,2
69,2
14,1
51,20
31,19
34,11
68,22
146,12
50,11
116,15
98,8
53,18
117,7
207,24
62,15
77,23
28,13
55,8
46,10
43,18
28,12
61,14
38,18
58,19
75,11
62,25
33,17
84,20
73,55
64,12
53,15
45,4
82,27
54,6
62,24
56,24
52,17
39,6
81,7
36,5
36,4
119,1
149,80
51,78
50,97
40,89
73,180
79,70
91,84
57,65
71,212
131,65
74,11
210,78
81,36
61,21
51,148
50,20
45,135
43,117
77,12
85,57
51,52
60,27
44,136
48,24
78,26
62,8
70,14
87,102
12,22
64,71
64,45
62,60
50,40
44,32
27,21
83,13
64,98
36,18
38,87
57,62
84,58
30,29
92,93
71,42
47,23
48,76
77,13
85,51
52,3
95,94
54,62
643,145
78,44
52,82
126,29
82,30
55,29
76,186
58,138
48,148
50,155
70,10
83,31
48,14
83,38
54,186
36,112
44,10
83,11
87,33
52,13
70,37
32,116
34,118
19,5
81,13
76,14
45,7
94,44
47,68
90,29
25,34
28,95
84,18
38,16
46,50
89,32
23,45
22,83
33,14
72,18
53,16
35,54
39,92
49,22
89,9
40,46
65,61
81,154
65,90
58,70
59,47
69,46
46,44
34,34
59,43
33,32
26,33
15,18
25,28
53,29
73,17
64,3
73,14
73,19
82,11
78,17
59,11
37,3
37,3
62,25
60,22
46,22
38,11
37,11
64,11
56,14
26,121
77,115
10,17
52,115
67,173
8,14
43,117
44,95
63,100
51,80
38,50
54,75
77,50
33,35
21,16
50,30
49,60
51,77
15,24
27,24
95,215
71,29
69,60
51,73
69,41
38,13
97,201
146,165
65,30
54,66
21,10
65,63
39,10
73,148
71,60
71,30
43,15
58,71
75,170
88,72
78,30
26,10
12,9
95,70
68,150
147,60
49,10
76,27
64,128
68,45
7,4
40,8
82,25
53,44
60,127
62,25
65,40
98,3
83,38
79,38
75,30
76,33
69,20
62,30
129,33
99,47
92,52
68,50
14,5
17,11
19,8
38,11
59,22
77,28
66,25
63,22
42,11
357,50
366,41
50,19
51,22
68,2
53,3
72,33
43,3
70,2
40,17
45,6
110,2
66,1
60,6
51,3
54,3
77,295
71,230
66,185
63,143
60,137
58,132
75,106
56,90
80,51
77,84
136,373
44,36
122,405
128,365
110,232
119,292
101,186
97,210
198,211
91,107
89,112
112,35
83,111
112,35
93,88
80,112
97,18
88,57
102,23
154,32
44,26
86,74
85,82
81,17
74,89
96,29
78,108
84,31
78,104
90,22
52,2
106,82
85,30
70,27
21,6
105,64
86,67
31,4
38,23
479,55
66,16
46,4
62,16
64,14
61,21
71,16
24,2
48,11
68,18
63,10
54,13
67,26
27,2
59,7
70,25
27,2
60,12
75,18
62,4
73,12
25,2
26,1
54,7
81,13
26,1
57,7
76,9
34,1
72,8
77,1
36,1
74,1
37,1
74,4
73,4
33,1
37,2
37,1
78,5
31,1
76,5
85,5
38,12
101,2
64,100
82,109
41,192
72,76
33,37
41,37
67,88
63,230
43,40
62,65
68,234
56,197
62,95
79,42
64,190
70,35
56,162
53,56
51,55
65,181
45,51
72,34
60,167
64,46
60,35
94,143
75,116
71,30
37,11
83,18
86,26
87,120
105,14
81,22
87,124
346,16
70,105
99,31
131,20
74,25
83,35
64,92
63,87
53,7
42,12
52,38
96,8
74,25
27,3
95,45
67,6
91,26
901,20
87,4
74,31
74,37
75,3
57,15
330,13
65,12
319,12
90,40
44,13
81,3
77,66
72,80
55,8
58,10
80,2
77,52
76,20
77,14
83,2
84,37
111,16
71,12
67,10
80,1
63,30
30,14
73,33
62,10
57,9
85,2
61,22
68,9
88,2
29,9
32,18
126,11
64,12
57,1
77,32
82,7
59,5
87,2
73,19
74,17
59,3
66,5
92,2
76,6
73,7
94,2
75,17
66,5
70,6
83,1
72,15
90,7
76,8
75,12
115,2
65,14
69,13
58,6
82,1
74,8
72,11
82,1
49,4
36,1
67,11
60,7
74,1
61,6
78,2
123,60
79,59
65,37
29,2
44,3
45,2
73,1
132,4
36,35
61,36
33,14
36,7
51,3
78,1
80,2
82,5
81,14
43,1
56,6
45,1
52,30
37,20
41,5
41,5
54,30
82,5
89,30
32,2
53,6
106,155
83,123
72,92
65,89
85,103
63,61
65,64
83,102
64,73
68,63
64,82
30,14
46,70
44,54
56,69
152,45
41,54
72,52
32,23
78,49
69,49
69,49
52,27
71,61
53,43
54,29
13,9
58,38
46,21
87,51
45,20
93,57
78,47
43,23
82,54
59,24
58,23
56,27
85,24
63,29
67,26
76,46
63,24
67,36
65,27
63,51
9,14
58,9
54,27
86,96
61,14
77,58
80,45
54,19
64,29
69,3
40,24
70,85
8,10
33,12
73,18
56,23
60,48
60,69
117,21
46,40
52,11
63,16
72,55
70,42
33,28
37,32
37,32
25,18
28,22
83,143
88,122
85,117
78,20
59,32
77,93
31,9
84,13
75,81
53,32
86,12
65,21
60,63
58,10
63,62
48,31
65,20
57,21
61,65
61,12
53,23
53,56
17,4
73,21
51,17
383,15
234,13
108,13
125,23
87,22
50,10
23,9
21,20
49,8
41,4
37,8
126,4
34,5
30,2
76,3
47,2
27,3
56,6
20,2
6,2
29,1
65,3
105,2
16,2
73,2
54,1
82,3
67,1
81,1
60,1
74,2
81,1
98,1
81,1
71,1
67,1
56,2
21,8
67,67
71,85
60,83
58,83
47,81
34,55
58,32
59,41
29,19
29,26
81,57
71,51
22,11
64,39
48,29
59,23
44,15
47,8
23,9
38,11
45,13
368,13
41,9
40,10
36,9
49,12
56,9
69,14
50,7
67,8
53,5
72,1
52,4
49,7
42,9
41,4
42,4
42,2
44,6
32,7
73,4
48,195
25,88
46,74
34,52
51,52
122,30
68,10
154,26
72,16
106,20
56,9
90,6
84,3
46,5
88,13
78,22
72,14
81,27
80,20
381,3
72,8
72,4
381,1
74,5
6,1
65,9
30,4
18,4
62,3
55,5
78,8
58,2
55,1
37,2
70,3
78,4
81,2
95,3
21,30
49,32
39,43
14,19
42,15
85,35
7,3
87,8
61,6
98,10
88,6
78,4
64,3
32,2
47,2
64,2
19,28
78,10
47,10
139,12
25,4
80,7
76,13
63,4
69,3
55,3
78,5
83,2
45,7
53,15
60,20
33,15
89,9
60,10
72,9
222,6
53,19
51,17
63,5
89,10
39,5
70,15
105,12
53,13
52,10
61,11
104,12
97,15
83,10
79,14
56,8
80,7
49,11
83,11
83,16
49,10
152,21
39,7
41,3
95,13
47,20
49,9
45,6
65,3
80,15
54,5
70,14
39,8
39,8
75,7
38,5
83,9
54,12
70,14
43,11
71,7
41,10
64,14
69,9
92,47
77,10
92,7
92,8
61,8
54,15
77,12
65,15
62,16
52,5
73,13
77,8
63,3
80,7
73,10
2740,8480
71,14
75,8
63,14
52,4
81,6
31,6
36,7
53,10
61,9
46,8
73,5
62,9
77,5
124,4
95,21
42,6
70,4
67,6
72,13
74,20
60,5
75,18
58,5
38,6
53,9
73,13
67,6
69,21
96,4
100,6
49,7
71,4
70,19
73,17
77,18
43,4
69,5
70,5
74,10
102,18
54,17
78,6
65,22
76,5
56,4
68,16
56,17
53,12
811,58
19,2
53,30
18,14
66,42
49,14
36,8
63,33
76,15
42,7
43,12
60,27
38,14
38,14
54,25
53,23
49,8
58,26
54,20
52,22
90,2
48,24
90,4
48,5
58,21
54,17
49,4
48,10
56,14
74,11
39,33
55,20
65,22
82,8
54,17
17,2
64,15
77,6
75,14
74,8
9,5
13,16
64,12
56,12
30,11
30,11
109,12
75,10
172,6
253,9
27,8
30,14
27,20
25,14
199,20
83,12
164,9
67,4
57,10
70,10
82,9
63,20
76,9
37,4
30,2
30,5
33,5
26,1
137,50
92,10
94,8
85,7
79,8
95,8
76,5
83,7
86,6
83,5
16,1
51,105
30,72
69,38
65,42
80,30
47,33
123,22
104,20
94,33
38,16
38,24
34,19
80,10
88,21
91,26
35,14
115,72
106,58
59,30
30,11
67,15
98,26
101,11
126,66
69,55
56,63
89,69
40,8
41,46
84,47
32,17
71,57
177,35
51,34
82,30
62,28
84,57
75,38
68,24
74,4
28,31
60,33
51,23
46,10
53,25
36,13
25,7
48,23
72,31
62,24
87,22
60,30
26,11
69,27
54,37
46,22
177,16
49,26
35,10
9,4
64,22
50,24
35,23
30,21
56,15
22,10
49,26
61,25
106,16
54,31
36,28
55,29
20,6
79,33
77,16
52,27
214,4
62,26
80,30
52,29
150,5
150,5
54,28
42,29
148,12
44,10
33,12
34,24
135,2
455,20
55,28
66,17
72,11
67,8
76,24
56,25
53,23
100,36
92,21
25,22
72,22
52,12
18,3
80,23
45,21
83,25
29,14
64,10
65,42
64,7
65,11
69,24
69,23
57,35
37,25
102,20
54,28
26,13
30,11
14,14
84,30
72,29
101,12
93,33
43,7
68,2
68,2
84,11
73,21
65,13
70,22
53,21
65,13
64,19
81,34
96,13
73,15
65,23
45,21
43,16
59,30
67,23
52,23
57,26
46,24
69,32
74,10
54,28
60,23
53,27
57,18
60,30
50,7
58,11
50,18
59,21
63,32
74,22
48,13
92,13
69,4
96,10
45,11
105,29
48,25
49,24
63,23
40,25
46,23
65,15
47,3
57,10
66,35
53,27
50,23
49,21
68,23
63,15
83,12
68,7
59,50
52,30
58,22
67,32
80,30
80,30
67,28
182,10
15,11
56,26
47,17
66,23
82,13
90,12
44,4
90,25
44,28
63,20
44,28
72,29
64,11
68,10
33,13
58,22
311,1
58,23
37,17
157,2
69,2
27,8
43,18
49,16
52,23
41,19
29,5
50,22
48,28
72,25
62,2
61,24
65,25
74,4
55,4
59,16
57,22
68,34
43,24
65,26
81,18
46,10
42,16
45,30
77,9
14,20
45,30
52,5
33,21
65,16
57,14
59,28
83,13
72,7
87,14
64,16
63,12
63,5
85,13
72,6
59,23
74,21
54,13
63,14
45,18
52,27
47,16
43,17
55,22
48,18
138,7
80,14
59,15
50,21
86,29
32,17
50,19
72,22
48,25
37,15
53,27
49,12
49,17
34,21
84,4
70,24
47,16
43,14
114,16
65,3
57,19
32,19
89,13
266,5
53,13
52,22
58,15
109,17
113,5
66,20
44,15
23,23
64,5
111,8
78,24
61,10
32,10
41,9
76,28
336,8
116,12
47,15
75,7
86,17
57,20
51,7
44,18
76,17
71,19
61,30
55,22
26,26
43,8
57,4
43,8
84,1
56,1
16,4
14,2
24,2
14,2
59,2
75,1
25,2
30,7
71,7
25,8
22,4
44,4
32,3
38,4
26,4
37,4
25,1
39,3
18,1
58,1
61,1
37,2
111,1
70,1
49,143
53,157
68,125
58,102
57,101
62,97
46,46
26,10
26,11
17,2
29,3
24,2
11,1
10,1
23,1
21,1
39,15
15,6
23,5
35,15
22,8
43,11
32,17
46,8
26,10
85,16
28,7
17,9
21,15
24,2
11,3
16,13
23,5
72,23
67,12
72,21
58,18
36,7
25,5
39,8
45,8
57,16
29,7
25,9
42,18
18,5
74,7
18,7
16,11
34,7
21,5
28,13
55,10
56,14
48,6
37,8
53,13
35,10
49,12
42,13
86,14
73,9
54,8
46,6
68,11
112,10
46,7
32,10
38,9
49,7
66,9
65,5
87,17
21,20
55,19
131,12
31,6
67,10
54,9
103,15
59,19
69,8
45,10
77,17
31,7
78,12
123,6
49,15
71,9
58,9
74,18
37,7
49,8
73,17
68,9
40,7
48,4
66,8
67,3
47,3
48,19
63,2
68,21
71,17
68,7
76,16
70,12
92,9
92,9
51,5
71,5
113,10
73,15
73,8
73,8
61,14
56,12
91,15
71,13
42,6
70,12
76,20
101,6
72,8
57,6
46,9
46,12
80,20
82,30
134,11
101,10
101,10
78,15
79,13
58,10
73,12
67,8
71,12
71,12
97,6
83,6
98,5
55,10
72,11
66,7
65,12
42,10
43,3
58,4
68,9
67,3
72,13
41,3
74,9
139,5
39,6
69,7
65,5
69,9
89,7
107,6
125,6
70,10
63,9
71,7
85,10
68,12
105,7
90,7
66,10
62,11
58,7
80,15
134,8
116,7
98,4
75,12
46,8
57,8
55,5
35,8
86,90
109,187
86,159
91,157
85,151
81,154
83,160
83,153
78,206
76,4
78,226
79,226
71,3
69,221
74,10
75,209
252,19
79,242
57,215
233,12
20,1
17,4
29,4
29,8
18,5
32,7
110,4
52,4
105,9
126,4
82,13
28,3
67,5
68,7
82,5
35,7
66,4
26,3
81,200
122,367
68,121
79,191
78,249
57,37
100,231
84,166
56,120
57,147
57,180
63,186
59,189
56,148
46,118
54,93
55,179
75,114
68,76
26,28
59,76
67,98
123,151
54,40
65,78
77,161
53,14
58,71
53,67
67,90
54,50
34,55
63,76
54,25
62,58
42,70
58,44
67,112
41,71
55,58
49,49
49,55
43,51
52,51
32,50
46,41
39,70
29,23
73,48
62,51
51,53
72,54
48,36
74,28
31,24
55,42
35,17
41,55
57,50
57,50
82,27
70,12
91,26
73,30
75,26
47,4
62,2
43,30
45,26
62,28
70,21
35,7
62,27
69,20
32,5
62,6
69,39
29,12
64,16
39,15
63,35
54,6
59,38
48,9
59,33
27,12
45,9
45,15
72,44
67,32
37,9
67,17
93,15
53,10
56,9
60,31
63,10
76,20
56,14
91,18
55,3
53,28
67,1
49,11
69,11
64,5
39,22
108,10
28,4
52,10
75,11
7,5
105,12
59,7
47,35
103,10
64,5
63,10
27,44
28,40
72,24
24,28
51,15
36,14
24,4
17,25
62,30
52,77
35,24
67,23
43,23
80,123
28,12
50,78
34,20
53,3
81,59
86,71
47,71
120,60
110,71
107,69
44,58
100,66
71,59
54,55
45,40
52,22
64,57
36,51
60,115
77,19
70,35
46,54
68,115
40,38
99,44
61,114
67,36
66,36
54,89
61,82
18,12
20,12
25,13
61,31
31,9
74,29
106,19
70,25
70,19
69,35
116,25
71,46
71,16
72,8
71,39
86,12
40,5
83,16
57,26
78,9
28,2
77,12
66,31
79,13
19,1
33,5
3201,5
51,5
83,11
52,35
45,4
80,10
83,13
77,6
81,5
80,13
47,2
79,7
63,24
89,9
42,4
77,22
85,8
39,1
76,21
82,5
58,8
67,19
65,21
66,7
75,6
68,26
83,7
66,25
65,26
80,10
81,6
78,2
66,25
81,7
56,29
53,2
73,3
69,3
72,5
58,20
51,3
69,3
68,4
76,6
73,20
51,2
76,30
79,5
69,24
60,5
251,23
64,3
79,5
73,19
73,6
54,2
72,4
69,17
73,4
46,2
77,4
60,13
73,6
84,1
93,1
77,2
82,8
45,6
67,10
78,4
61,10
73,3
83,2
72,2
58,10
71,3
75,4
68,2
75,3
64,10
78,4
66,9
72,3
65,1
60,10
81,2
74,4
59,2
65,10
76,3
53,17
108,14
95,7
108,3
85,12
59,8
100,10
78,25
76,9
38,17
50,13
62,10
69,8
65,6
59,20
103,18
39,5
35,13
101,9
68,19
86,27
47,6
36,17
80,19
48,20
16,15
34,10
70,2
44,13
46,6
27,13
46,23
184,10
54,6
54,11
151,12
29,26
57,14
49,18
61,16
46,17
84,12
120,7
69,20
41,16
62,28
26,18
68,8
71,2
46,14
47,15
61,18
45,18
23,18
59,11
70,7
506,16
67,24
24,18
50,11
41,7
149,7
164,15
61,8
88,17
274,23
68,14
37,16
58,8
62,11
55,8
43,6
101,9
85,12
68,19
86,27
59,8
58,6
121,9
79,12
96,13
96,13
94,20
41,7
90,7
80,13
63,7
78,9
80,13
95,14
99,15
63,23
68,7
79,12
64,10
76,11
68,20
54,12
50,14
81,13
84,13
66,27
64,7
64,13
56,14
55,15
219,20
88,11
101,20
73,8
64,7
96,10
115,13
99,23
62,20
79,10
62,25
280,7
74,9
58,6
65,13
54,3
79,20
67,14
197,10
104,8
59,7
70,11
85,12
86,16
59,1
76,5
74,12
79,7
68,10
63,12
37,4
70,11
44,4
66,11
48,6
82,12
84,8
60,16
69,18
58,9
63,5
120,28
60,15
67,6
60,8
78,5
65,12
55,10
50,19
67,20
64,3
46,6
74,8
49,6
45,3
51,8
30,4
33,3
62,8
78,5
126,19
96,7
99,9
89,8
85,10
91,7
67,9
72,11
79,8
87,24
20,14
71,21
97,20
35,10
56,9
92,16
62,20
76,12
76,12
75,7
87,7
53,5
60,7
73,8
127,8
50,3
24,9
182,6
82,7
134,6
93,2
51,19
64,11
84,10
74,6
57,20
257,37
36,9
65,10
46,20
63,10
33,5
57,4
62,15
68,28
32,24
91,9
41,20
66,22
134,11
178,7
27,13
20,3
72,17
107,6
71,14
60,5
3,5
71,31
89,8
25,12
72,12
59,18
22,16
52,8
14,10
54,1
69,12
51,14
70,5
64,11
36,12
70,13
60,15
37,12
78,29
49,15
218,17
38,7
68,18
76,4
68,16
87,17
61,10
82,8
66,12
90,14
58,15
87,4
110,12
40,13
63,10
48,21
48,21
32,12
66,33
79,12
32,11
60,10
24,10
71,15
57,14
56,5
41,10
76,13
73,33
100,16
33,10
81,13
104,8
78,15
66,23
83,3
49,13
34,12
75,16
78,11
64,8
121,13
401,3
85,2
85,2
77,13
62,11
23,9
81,12
31,14
31,13
97,17
95,13
96,14
81,16
75,16
73,2
31,12
64,9
29,12
74,29
51,14
77,14
59,21
68,3
45,29
97,19
73,13
70,13
29,5
84,10
79,9
48,10
77,8
79,12
43,15
55,15
68,14
66,13
88,8
27,12
75,18
54,10
72,9
93,13
73,3
71,10
57,8
83,8
76,8
67,11
54,6
88,43
33,5
57,3
78,26
67,17
64,17
66,15
65,10
60,5
56,8
53,17
68,9
57,9
99,12
68,12
54,11
52,12
67,13
71,13
71,4
59,13
52,17
46,24
87,11
73,12
59,10
63,9
45,17
63,7
49,11
81,11
114,14
41,14
92,12
86,9
63,11
79,9
38,12
39,5
80,2
83,4
80,9
22,3
71,111
82,10
119,14
105,14
61,2
77,24
92,14
107,14
47,13
47,13
79,6
62,12
74,1
46,9
46,9
59,10
86,12
149,18
132,11
68,8
53,5
73,8
82,9
56,3
41,9
45,13
103,9
59,13
55,8
43,4
15,6
65,9
55,9
93,11
55,4
76,19
64,7
65,7
31,24
70,8
76,16
27,17
83,10
324,10
65,10
61,6
20,19
72,10
75,9
98,8
75,8
59,10
28,15
51,14
64,10
154,5
42,5
61,12
109,4
71,4
34,5
105,7
93,6
52,12
68,10
103,12
85,1
42,13
69,13
55,10
93,14
75,2
62,7
129,7
77,15
63,11
30,7
57,55
53,48
88,2
73,2
50,2
46,2
38,1
71,8
84,9
88,5
74,6
90,6
79,6
81,5
92,4
70,4
63,3
70,4
77,4
82,9
142,5
69,6
75,8
62,4
64,5
72,32
70,39
63,34
54,24
18,1
86,53
65,19
56,17
56,25
63,11
41,34
108,15
67,35
106,98
65,29
100,116
32,3
82,21
59,21
45,3
97,93
27,1
51,30
65,60
68,1
68,26
61,56
31,5
59,3
71,80
64,49
70,81
70,6
73,71
61,10
69,55
55,24
54,19
50,13
20,2
20,2
57,40
67,7
45,14
87,41
85,41
87,37
88,14
72,15
90,1
64,13
83,28
90,4
87,16
80,49
90,4
87,16
80,49
55,5
81,21
35,4
83,29
78,1
77,30
77,25
33,1
77,15
72,2
74,8
92,2
90,17
82,1
72,1
68,11
97,17
81,1
74,16
81,1
74,16
107,1
75,10
65,11
47,25
81,1
73,13
90,16
65,1
70,10
72,13
88,3
82,20
67,3
80,1
71,18
93,1
104,22
55,6
55,17
67,8
58,6
57,27
50,8
69,11
49,12
53,7
40,1
57,1
70,9
52,3
87,1
67,16
66,5
63,1
42,9
57,1
40,19
25,1
71,9
60,1
70,9
91,16
74,10
91,2
81,1
48,1
70,7
88,1
63,10
72,10
49,1
70,8
46,13
71,12
41,2
83,7
71,3
65,11
104,16
47,5
61,8
37,2
31,2
61,4
29,2
52,4
15,3
73,4
54,3
67,2
54,4
65,4
47,3
56,3
45,2
69,2
40,1
43,1
47,2
86,1
43,2
68,2
68,2
91,2
76,2
70,2
62,1
99,3
65,1
74,2
62,2
76,1
45,1
49,2
72,3
97,5
82,23
79,23
113,96
63,23
62,19
53,16
32,9
92,3
86,4
76,4
2,35
17,15
54,52
38,33
66,47
25,23
18,15
28,16
25,11
40,5
145,35
6,1
93,1
87,3
74,10
72,7
69,6
66,6
64,5
60,4
12,4
56,2
78,6
22,1
55,31
14,7
265,245
85,77
73,50
3,3
7,1
29,2
82,3
42,3
92,3
66,3
62,3
77,1
34,3
85,1
80,2
68,6
59,1
37,3
37,2
31,1
48,17
70,11
58,6
88,11
59,130
64,131
52,51
65,133
65,124
48,48
78,134
90,12
53,53
61,40
63,108
64,94
61,97
68,39
123,198
63,112
52,26
80,58
61,14
76,166
59,24
66,91
61,106
28,12
61,32
73,92
53,42
89,165
90,174
76,104
54,119
83,168
76,102
84,166
74,102
55,105
75,100
74,101
82,122
78,23
72,90
75,33
74,30
63,74
65,75
62,73
65,75
72,31
70,29
67,76
76,26
64,78
76,117
76,38
68,31
63,84
72,89
87,106
95,100
90,93
55,28
71,17
60,78
85,79
60,31
62,38
64,46
62,41
60,78
172,16
70,73
28,5
57,29
56,73
90,78
66,32
42,8
58,69
54,23
93,69
63,13
63,19
70,66
61,17
58,69
64,75
53,42
61,68
70,18
67,42
60,66
68,16
73,51
63,71
62,48
68,13
57,57
88,57
69,13
84,46
66,16
76,48
58,56
65,15
83,56
56,47
49,38
76,51
65,7
61,47
59,8
70,37
62,48
59,8
85,47
67,51
61,10
78,68
66,47
54,5
73,29
50,7
63,2
81,19
69,45
79,16
59,44
89,40
60,41
71,36
229,8
67,7
34,1
49,6
94,1
39,8
105,9
46,5
70,3
67,17
123,1
43,2
79,3
95,2
41,8
53,1
41,6
67,4
84,3
83,3
76,6
59,8
66,6
55,1
79,2
43,2
53,5
68,3
43,1
61,1
52,2
39,1
56,2
56,3
67,2
49,2
63,1
51,2
73,2
60,3
71,2
58,1
66,1
61,5
49,1
62,1
69,1
60,3
53,4
43,2
149,2
26,29
3,3
6,7
56,75
38,172
16,70
65,228
74,159
35,134
64,96
60,71
37,116
68,100
34,126
63,71
28,114
77,124
80,121
69,106
68,84
17,64
63,114
47,62
65,103
84,1
57,86
75,80
71,74
61,83
75,69
77,83
62,39
79,162
76,152
43,63
66,59
78,129
84,107
75,209
59,167
48,55
48,55
68,122
73,69
55,110
76,102
86,57
38,24
64,32
88,57
59,57
72,34
59,34
72,38
83,39
91,40
92,64
66,46
22,19
45,43
42,27
76,65
91,42
88,20
74,40
24,13
52,17
53,30
62,40
82,34
80,37
91,26
35,10
41,25
23,11
76,29
30,6
76,27
72,25
48,4
44,12
41,19
52,23
97,11
82,27
85,17
59,22
33,2
32,10
29,7
82,21
130,41
30,18
66,6
86,17
25,4
68,29
93,10
33,15
59,6
53,4
74,17
75,16
87,19
73,12
88,33
77,18
31,5
66,19
75,14
68,3
75,20
75,18
69,12
39,5
64,7
72,13
104,26
65,11
25,3
61,3
81,12
79,20
74,16
33,2
52,3
77,12
84,13
105,3
38,1
59,6
84,15
52,13
83,12
75,13
61,3
89,13
78,21
77,10
77,11
86,13
69,4
182,13
48,1
60,3
79,9
69,12
81,12
75,9
80,12
58,3
151,3
43,1
81,3
64,8
78,10
74,12
33,2
88,14
79,3
68,9
79,11
27,2
71,2
72,8
75,10
33,2
75,3
67,12
76,12
85,8
27,1
73,3
76,13
82,12
35,28
71,95
62,35
22,2
65,17
60,77
63,34
71,6
154,478
67,77
67,48
65,51
40,22
60,55
63,64
51,47
58,38
59,50
102,311
23,12
63,50
83,220
32,6
56,15
85,221
88,14
46,18
72,185
62,20
60,61
85,207
63,58
44,25
55,68
68,176
57,66
62,175
76,183
77,35
67,13
49,9
67,28
72,17
96,50
73,45
68,76
65,34
56,37
62,20
107,158
99,107
61,20
65,14
130,72
54,23
51,64
44,13
62,17
46,46
61,43
24,7
73,21
64,19
55,43
48,12
43,3
40,3
62,23
57,35
58,46
49,7
56,5
55,9
62,24
59,21
56,8
91,50
98,42
82,45
56,9
55,36
52,10
60,22
96,1
74,42
153,36
51,9
1033,8
63,19
67,14
31,21
201,9
67,14
65,15
79,27
44,8
238,13
237,13
32,6
58,13
66,37
58,37
56,37
54,37
56,49
65,14
35,8
120,18
71,51
61,47
64,54
49,12
60,76
62,12
79,83
58,85
67,75
59,10
64,7
26,7
53,70
72,120
84,16
58,10
37,18
66,90
29,7
45,46
63,10
70,21
60,93
73,6
38,5
71,6
48,28
59,96
71,11
65,13
72,7
44,18
71,9
53,86
63,11
63,12
39,7
69,12
70,8
41,19
74,9
44,66
15,2
71,51
37,10
80,60
59,6
74,10
54,7
37,1
70,6
69,11
74,6
76,70
53,4
61,6
53,2
72,7
56,6
68,7
77,62
83,7
72,6
50,6
70,8
61,6
53,6
77,50
70,7
67,40
75,16
83,9
77,9
64,8
74,10
70,7
16,8
16,8
88,10
75,10
5,7
70,8
68,5
64,6
55,4
71,8
74,8
70,6
69,6
62,1
96,9
43,6
68,5
62,6
31,6
25,6
98,11
66,7
89,8
75,6
47,6
67,9
54,7
62,12
70,6
70,6
75,8
75,8
87,10
54,9
40,8
49,11
60,5
30,12
39,9
57,15
17,1
29,3
55,9
31,4
76,9
83,9
26,6
67,8
68,10
44,14
46,12
34,8
26,5
50,6
64,5
48,7
25,5
25,9
28,3
53,4
50,8
35,4
42,7
27,6
801,6
20,7
1051,4
476,9
154,4
42,3
60,6
68,5
80,8
70,11
55,8
19,4
42,6
62,3
54,9
63,5
72,9
114,7
64,7
38,4
27,4
51,2
38,8
37,4
75,7
49,6
61,4
72,8
54,8
73,3
57,5
80,8
80,8
48,6
88,9
53,3
78,4
77,6
36,5
47,5
78,6
114,3
33,4
48,5
57,3
49,7
70,2
132,5
63,7
27,3
91,8
21,10
32,6
14,4
121,8
84,4
49,8
44,7
83,8
51,6
82,8
77,13
36,13
82,8
70,10
30,1
69,9
74,1
68,3
62,8
50,3
21,6
82,6
31,3
108,4
88,3
42,5
44,6
78,6
30,5
67,4
9,4
701,2
101,3
84,2
26,3
47,4
34,3
91,5
44,4
72,4
101,8
80,3
60,5
69,5
39,4
48,8
30,4
26,3
50,5
130,6
115,8
50,3
59,3
10,4
33,3
29,2
52,80
38,69
29,59
24,51
24,49
22,44
20,40
17,35
29,48
17,35
16,16
42,11
12,2
10,2
51,1
44,2
28,3
22,3
39,8
81,6
211,5
80,6
76,4
32,4
146,6
81,1
91,5
65,3
61,3
43,4
56,1
22,3
35,2
43,2
60,7
84,5
86,3
87,4
42,3
76,1
79,4
41,2
49,1
30,4
57,3
39,4
77,1
59,4
31,2
53,6
50,1
73,4
69,1
59,1
62,2
55,4
62,1
82,3
63,2
75,1
54,2
69,2
52,3
88,9
82,3
91,8
72,1
79,2
94,6
72,2
100,6
78,1
60,3
79,1
88,4
28,22
39,57
49,83
85,72
87,75
65,131
81,110
74,93
64,81
53,63
59,90
83,36
78,48
76,7
72,31
59,10
97,8
89,1
49,31
68,67
63,38
82,63
107,4
71,60
76,34
62,18
80,7
78,9
43,15
87,10
77,9
84,29
87,4
85,36
83,32
88,1
83,14
50,5
86,4
86,4
76,8
67,5
61,8
70,6
64,22
72,7
64,22
82,18
73,4
65,19
77,6
76,14
78,18
70,20
77,19
71,16
72,13
79,2
77,3
84,13
73,15
72,13
77,3
71,8
49,4
70,3
75,3
77,16
74,11
69,2
81,3
69,13
76,5
62,7
76,3
67,9
74,3
62,3
75,1
71,8
77,2
68,7
79,2
64,6
77,3
65,2
69,7
69,5
64,5
76,1
67,5
78,2
81,1
124,82
89,80
76,107
56,60
76,61
70,86
85,38
68,81
93,10
67,46
63,33
59,21
62,30
66,31
72,44
82,222
86,137
71,110
66,28
66,65
62,22
61,74
58,21
60,69
40,24
85,19
78,66
87,16
73,64
88,29
75,68
96,34
86,20
44,16
63,54
81,31
88,29
67,25
66,65
73,59
109,125
66,61
73,48
66,53
73,44
61,46
74,59
74,59
58,51
77,55
104,31
80,38
51,2
85,12
88,57
87,49
94,63
65,61
54,21
69,9
57,28
101,34
78,19
67,34
110,38
80,10
89,44
97,25
48,15
78,10
58,1
85,43
58,15
30,39
83,9
84,24
28,7
54,5
71,20
78,13
41,1
62,8
69,11
51,11
56,1
38,4
51,11
65,10
42,4
41,1
33,4
46,8
75,5
59,8
36,3
62,5
61,5
75,7
312,8
58,4
83,18
77,10
62,5
85,5
60,6
62,5
85,5
60,6
71,4
62,5
84,12
67,5
61,2
59,1
75,4
63,5
66,5
53,8
81,13
52,1
47,1
70,1
80,14
35,3
66,2
40,1
76,5
56,5
76,2
103,6
103,6
73,3
70,6
72,3
78,10
74,3
10,1
69,10
93,2
49,2
44,2
89,6
31,1
75,13
75,7
92,3
65,4
68,6
72,3
67,4
56,3
62,2
74,6
72,2
71,2
77,2
74,3
69,3
63,7
86,2
73,1
30,3
25,4
24,1
66,6
37,3
29,4
83,1
60,3
208,5
144,5
116,2
68,4
41,4
59,1
67,5
78,20
59,150
64,60
100,22
56,113
38,13
66,68
48,33
33,29
62,43
40,28
47,32
64,20
55,6
43,30
83,28
77,22
58,11
44,8
62,17
44,6
66,6
80,6
59,4
51,3
51,5
68,4
37,2
63,4
53,4
90,4
75,4
97,2
97,2
65,2
90,2
56,1
105,2
68,2
28,2
108,3
65,2
76,1
95,6
69,2
64,2
104,9
55,2
51,1
59,2
84,2
60,2
61,3
46,2
46,1
52,2
22,2
64,2
60,2
47,6
99,3
66,2
62,2
80,2
43,2
22,2
87,2
25,1
9,16
62,15
68,1
12,4
42,55
39,53
49,30
53,38
52,32
23,21
78,6
81,3
82,8
64,3
87,6
75,3
78,3
50,3
73,20
70,11
80,66
65,17
78,41
73,25
76,22
70,17
68,14
54,22
63,22
63,22
42,6
26,3
84,3
82,8
80,3
95,8
36,3
52,11
85,6
76,3
52,89
78,75
87,103
89,102
86,110
88,119
63,26
87,40
61,64
75,66
112,94
90,84
79,61
18,17
72,49
67,44
89,47
75,15
86,5
82,4
86,4
83,4
87,1
114,4
88,2
92,2
96,3
88,5
31,3
51,7
44,63
33,25
70,12
54,3
63,9
64,9
26,10
51,11
42,5
36,4
27,6
37,23
27,38
53,14
30,3
18,4
62,14
15,2
75,13
51,6
85,295
82,326
66,12
52,6
59,47
83,318
53,6
16,1
24,12
97,3
90,4
83,314
81,323
59,3
71,1
67,280
72,260
87,1
138,300
37,11
30,6
33,3
82,41
100,10
73,10
21,4
23,4
74,260
73,9
79,14
47,7
77,10
66,16
73,1
76,263
32,2
74,10
66,8
58,5
54,9
114,13
85,176
96,10
78,12
113,14
105,23
77,3
74,225
85,8
70,6
82,9
76,5
74,16
67,19
71,10
81,4
60,4
80,7
67,11
88,154
64,6
80,5
62,6
67,4
59,10
61,6
65,14
69,3
67,9
71,6
82,5
82,6
82,5
67,8
30,2
60,108
83,8
73,10
77,11
74,6
75,8
53,4
75,8
73,3
72,2
80,5
40,114
105,6
64,10
30,1
77,9
57,3
39,3
78,3
78,5
65,3
38,2
94,39
37,3
66,4
74,4
31,7
50,2
68,13
67,3
70,6
73,2
71,3
55,2
52,21
321,10
71,17
46,9
57,10
97,14
56,2
79,1
68,5
64,10
82,5
50,3
63,3
26,1
53,2
89,10
49,24
74,6
80,2
78,1
86,2
61,14
70,5
74,3
116,10
42,3
40,5
59,3
71,3
66,15
85,6
54,21
91,2
58,9
101,1
69,8
74,1
48,5
79,7
91,2
80,4
131,4
72,10
73,3
60,8
71,22
77,5
93,3
52,7
86,4
51,10
53,5
83,5
42,23
69,7
35,3
80,4
86,6
101,5
51,8
96,11
76,5
76,5
73,16
45,8
26,3
54,9
67,5
46,4
81,4
80,2
69,1
73,5
81,3
81,3
61,10
77,5
46,3
68,2
68,1
26,2
115,25
42,17
74,3
68,10
68,1
77,3
59,6
79,2
84,4
62,7
108,3
72,7
93,2
82,4
63,5
84,3
75,4
83,13
44,4
78,10
58,3
78,15
81,3
81,2
82,5
96,3
67,4
56,5
62,12
70,10
53,1
107,1
95,3
85,4
145,6
54,3
63,2
78,2
85,2
67,8
67,8
103,5
83,2
77,3
73,16
70,9
44,94
17,34
116,511
123,539
93,398
98,346
97,330
35,150
51,157
43,127
44,76
27,69
69,153
97,106
101,81
121,159
101,83
29,47
30,17
86,40
75,88
66,72
85,63
83,67
63,3
65,39
66,37
62,56
83,16
47,40
71,137
64,101
64,99
85,34
70,15
1701,18
1701,18
41,44
69,15
341,9
85,16
104,10
59,19
66,6
66,6
115,2
86,8
104,2
67,3
105,5
69,13
83,15
78,6
41,3
43,4
40,3
52,2
75,7
61,2
60,3
86,5
52,1
90,8
74,2
58,1
97,9
81,3
71,2
85,2
66,2
54,2
93,2
83,4
66,2
78,2
87,14
64,2
87,2
63,2
81,2
81,7
93,2
53,34
65,52
17,17
35,36
72,16
75,23
52,58
49,47
6,3
56,61
83,20
100,44
88,23
76,14
80,8
8,2
73,27
60,12
97,22
77,39
63,37
95,27
76,15
72,37
28,4
23,8
72,18
68,43
26,10
89,12
89,41
36,8
23,2
67,25
62,6
75,12
91,58
83,8
73,34
76,8
56,28
90,2
78,8
82,26
96,23
82,12
30,2
40,5
67,32
86,14
60,11
46,6
83,36
82,34
39,4
81,23
33,6
78,30
88,20
92,1
72,29
105,26
105,26
86,4
62,15
71,1
40,6
85,25
42,4
85,17
56,5
67,18
30,3
78,14
71,11
66,14
33,2
71,11
37,1
65,14
92,14
74,11
33,4
77,8
31,3
46,8
110,4
103,14
21,1
65,80
80,106
79,112
117,332
65,178
40,65
71,32
129,77
45,72
43,63
36,28
65,63
49,27
38,22
31,16
37,2
100,175
86,77
128,30
139,5
30,3
8,3
10,3
71,12
57,2
36,3
49,2
58,14
47,4
83,3
70,8
46,3
130,4
53,3
29,3
81,2
74,5
46,2
80,3
67,2
70,1
45,1
35,1
62,9
69,5
91,1
81,2
43,3
78,8
68,4
71,1
64,1
65,3
69,1
48,3
70,3
75,1
67,3
53,1
35,6
41,3
32,4
44,3
40,3
36,4
74,2
65,4
90,255
104,114
28,81
647,3885
83,251
39,4
77,14
17,14
89,25
21,15
92,19
68,5
20,5
78,3
84,4
51,10
111,8
113,11
64,3
92,19
63,5
94,13
19,3
24,1
33,2
50,3
34,13
48,2
43,2
21,1
103,1
18,1
73,2
72,2
72,1
66,1
79,1
66,1
68,1
87,1
82,2
56,75
55,45
94,89
83,1
76,55
18,21
26,7
43,7
33,15
129,9
69,9
676,9
87,4
70,3
30,2
80,3
95,1
38,1
86,1
37,3
114,340
55,147
20,66
19,79
27,85
22,70
20,65
13,22
30,93
32,57
20,22
15,2
36,6
53,8
49,8
61,20
61,9
57,2
89,17
90,16
89,11
91,17
90,17
90,17
89,17
142,27
87,17
82,39
82,40
78,48
69,31
67,29
89,20
84,39
88,41
81,39
78,33
76,29
77,25
79,25
77,26
86,24
69,20
69,19
69,19
58,14
80,48
77,44
80,40
80,46
46,115
62,215
46,167
20,66
41,143
45,161
32,105
24,85
1,80
17,19
2,61
25,28
11,8
2,3
89,98
22,37
35,88
23,60
7,7
3,5
40,54
36,16
91,27
9,16
24,34
59,33
46,27
27,16
68,51
76,22
19,11
62,22
49,15
65,49
481,39
11,8
47,17
55,28
48,19
47,21
108,17
15,8
197,22
43,16
40,6
83,22
62,8
72,17
33,6
59,11
53,17
61,9
48,8
39,14
88,14
64,6
60,12
55,14
49,11
89,6
109,8
84,13
34,11
38,8
46,9
75,2
10,11
15,9
8,6
13,4
42,9
21,9
24,13
13,8
11,9
16,11
55,70
42,26
58,45
44,73
48,43
42,48
80,60
51,41
52,42
55,44
48,41
73,37
65,38
42,29
84,38
73,33
55,46
69,34
87,38
58,38
76,35
66,32
78,31
70,26
3,1
12,7
46,18
15,6
42,15
51,6
84,10
101,9
111,4
77,5
29,2
65,3
24,2
77,3
41,5
75,13
69,3
27,2
65,1
19,1
67,3
18,1
65,2
58,8
127,2
89,20
78,7
56,3
64,7
55,3
77,6
79,8
69,6
71,6
71,5
77,5
62,3
109,3
69,3
36,4
78,8
79,11
53,2
16,3
70,2
69,3
76,5
57,3
43,3
70,4
59,4
54,3
23,5
67,2
47,2
73,2
87,2
90,5
61,1
78,4
61,1
36,1
84,7
74,6
79,2
57,1
46,2
84,2
75,8
63,2
64,1
42,1
81,2
67,5
68,3
97,1
58,1
77,2
96,3
70,4
71,1
38,1
100,11
86,7
99,2
45,2
81,2
42,2
85,4
83,3
83,2
86,2
66,2
82,9
81,3
81,3
90,7
34,3
86,4
66,263
57,217
57,214
56,204
137,426
40,178
34,165
53,118
37,142
87,165
61,159
83,185
71,104
62,107
29,70
44,86
99,60
83,87
52,54
70,68
52,83
55,32
53,8
80,45
52,40
93,25
78,28
76,47
77,103
82,81
154,26
76,16
83,104
85,93
68,70
74,5
75,13
75,19
80,55
71,6
79,68
56,20
60,47
60,10
56,9
79,57
70,45
79,3
85,5
95,30
98,59
46,5
87,28
57,5
58,17
42,4
63,31
43,3
53,30
57,5
35,25
58,4
60,53
71,6
59,49
46,24
57,4
82,1
537,1020
81,6
36,2
81,4
103,27
45,3
79,3
68,1
67,1
4,1
4,1
90,103
29,40
92,238
23,25
89,230
98,283
86,178
86,238
75,172
87,340
84,325
72,196
105,288
71,271
69,69
70,184
62,159
60,162
41,31
104,120
66,169
106,128
61,176
104,200
67,28
98,51
74,33
117,149
81,85
75,32
75,32
75,32
84,108
88,143
80,48
71,150
80,133
70,65
59,40
56,35
67,82
60,65
52,55
16,18
51,12
63,52
30,19
79,48
108,28
101,51
77,10
71,17
272,50
120,41
2574,7762
85,9
75,48
73,35
74,4
75,10
77,13
77,16
69,35
143,36
76,16
1226,17
73,16
59,32
58,30
108,49
76,13
48,16
112,40
36,18
75,14
74,12
82,23
124,13
78,13
98,22
84,10
79,5
81,6
69,15
91,14
76,10
78,17
95,12
76,10
75,14
33,8
167,13
93,12
73,8
86,10
64,7
74,9
112,8
75,8
74,11
106,6
66,4
74,14
183,10
86,23
65,1
149,8
69,14
71,1
111,9
95,28
76,22
60,17
57,11
39,34
49,36
39,30
45,68
44,64
38,26
46,38
63,72
76,32
113,20
96,37
98,36
35,26
29,13
33,10
33,23
40,8
30,21
104,29
149,32
63,41
49,42
31,26
89,10
41,16
35,2
47,17
23,6
20,6
47,24
46,5
49,5
48,8
31,12
27,3
19,5
30,6
65,12
62,18
35,4
28,2
25,4
87,14
32,1
61,9
29,4
49,3
53,3
65,7
85,12
8,2
44,3
246,3
53,6
53,6
74,3
48,4
57,8
41,1
71,3
34,4
59,7
64,2
84,5
76,6
77,3
37,1
51,7
26,10
45,1
61,2
59,3
70,1
62,4
66,3
78,1
62,2
81,8
76,2
65,2
80,6
96,1
94,7
71,2
40,1
93,8
89,2
72,4
83,3
24,4
93,6
77,2
48,4
83,1
18,38
14,13
16,9
5,5
69,1
58,3
54,2
6,7
44,4
4,4
48,2
51,4
14,6
49,149
80,127
22,28
15,28
6,8
11,14
62,16
85,1
80,9
75,8
75,12
81,12
91,22
85,27
114,23
73,14
90,21
84,24
75,14
89,24
49,17
49,17
55,15
55,15
42,15
51,23
54,21
2,2
37,10
47,15
31,19
93,8
93,8
54,9
96,10
14,10
48,7
23,6
100,1
5,1
101,4
207,12
43,9
71,9
31,5
44,8
16,15
54,6
35,8
111,9
56,12
49,8
68,8
56,13
42,5
53,6
45,4
34,4
41,4
60,15
54,1
66,3
60,10
34,4
70,3
97,7
72,5
72,7
81,4
70,5
76,11
75,19
75,25
82,8
68,5
74,20
31,1
75,11
71,5
80,14
72,6
76,13
69,11
19,32
78,287
81,308
76,264
75,250
81,147
70,233
69,215
69,211
69,212
73,224
68,209
68,236
61,190
43,140
54,200
52,163
51,169
50,109
78,103
49,88
72,100
51,34
55,16
59,22
61,10
51,35
83,23
49,11
48,8
48,8
50,7
46,5
98,12
90,4
85,4
83,4
76,5
83,3
64,3
51,18
93,2
53,13
93,1
87,1
49,16
49,13
73,9
78,7
82,8
53,25
76,13
44,4
82,18
103,10
129,9
71,9
127,4
60,2
91,3
84,8
34,13
57,5
85,11
56,4
87,12
89,25
84,21
84,10
36,1
86,16
77,9
73,5
80,7
42,8
85,15
92,9
76,8
78,11
78,4
74,7
75,8
80,3
79,10
61,7
65,9
69,2
79,11
71,10
126,10
59,8
118,4
86,11
79,3
84,13
50,1
42,5
38,5
75,6
83,15
78,2
76,5
72,6
18,1
72,4
63,1
67,4
66,6
109,5
69,6
67,9
69,2
68,7
77,7
68,3
65,9
98,7
78,1
62,6
84,5
91,2
64,6
56,5
82,3
56,5
142,2
52,5
44,2
38,2
34,34
70,54
28,38
46,182
30,29
64,49
48,181
47,169
63,46
40,109
31,18
53,35
22,17
57,26
293,86
116,427
88,330
79,293
75,273
74,246
61,196
32,40
33,10
71,20
26,9
29,17
24,10
64,17
96,168
125,78
87,160
88,150
94,68
90,64
30,7
85,12
72,63
30,17
72,50
86,3
73,23
80,1
73,26
82,31
84,1
26,4
24,14
67,27
79,11
71,10
72,1
30,2
50,6
25,2
57,13
75,15
63,17
71,12
60,19
41,4
64,16
34,4
73,10
75,36
70,12
63,14
69,35
41,3
69,19
70,9
103,3
66,9
80,7
40,11
82,6
17,1
64,31
64,31
18,10
29,10
62,24
64,28
59,12
77,6
70,10
99,2
104,3
31,7
59,13
27,2
74,3
33,3
97,2
33,9
36,3
74,5
61,10
67,5
73,4
109,2
64,7
32,6
73,4
61,10
57,13
28,2
102,4
99,10
93,10
72,6
93,10
73,4
74,11
40,6
106,2
94,11
77,8
84,10
17,1
30,2
65,11
84,2
84,10
101,7
69,11
44,1
36,3
76,13
90,12
103,5
89,4
54,1
39,1
101,2
66,9
84,3
79,14
75,11
76,14
71,13
75,13
38,2
88,2
55,9
70,12
90,2
59,2
76,1
43,1
82,4
58,10
78,1
73,2
57,1
48,2
73,4
68,2
73,16
78,12
67,3
81,13
78,11
71,10
80,4
80,6
57,1
70,1
89,6
43,2
71,5
69,12
52,11
64,2
20,1
68,1
74,1
48,1
174,7
64,9
70,9
75,2
48,2
8,5
51,7
57,8
80,5
52,15
21,5
71,4
49,50
52,18
71,40
94,42
83,22
90,38
97,10
90,18
112,38
54,8
50,10
82,46
57,13
43,10
44,6
76,40
89,14
63,13
58,37
59,13
80,10
68,14
74,39
48,10
48,14
71,32
59,14
61,10
75,35
64,13
79,41
46,12
86,12
70,6
58,7
55,13
84,12
74,32
46,27
86,31
101,10
71,11
49,29
56,15
21,13
49,39
87,12
84,17
169,11
83,14
79,32
72,35
83,11
76,10
73,31
103,10
83,10
82,30
68,13
74,9
74,28
71,13
80,10
75,11
89,29
82,27
63,18
17,15
7,5
14,8
73,24
47,25
24,15
55,58
42,56
59,71
54,74
39,52
30,40
50,45
12,10
44,53
39,38
28,26
36,35
32,31
29,30
29,10
18,17
26,17
86,10
101,8
102,10
68,8
68,8
97,24
592,8
728,4
70,5
96,5
